회사명,  설립일, 대표이사, 업종, 대표전화, 회사소개
전북은행, 1969.12.10, 서한국, 은행업, 1588-4477, 누구에게나 따뜻한 금융
광주은행, 1968.11.20, 송종욱, 은행업, 1588-3388, 광주&전남 대표은행
JB우리캐피탈, 1995.12.07, 박춘원, 할부금융업, 1688-2300, 21C 초우량 여신전문 금융회사
JB자산운용, 2008.07.14, 최원철, 자산운용회사, 02-3782-5000, 국내 해외자원 펀드 업계1위
PPCBank, 2008.09.01, 백종일, 은행업, -, 동남아시아의 선두 은행
JB Capital Myanmar, 2016.09.21, 윤방환, 소액대출업, -, 미얀마 현지 국민들에게 사랑받는 리딩 소액대출회사
JB Securities Vietnam, 2006.12.29, 김두윤, 증권사, +84-24-3942-9775, 아시아 최고 수준의 증권 서비스 제공




